CREATE TABLE `auth_group` (`id` integer NOT NULL PRIMARY KEY AUTO_INCREMENT, `name` varchar(150) NOT NULL UNIQUE);
CREATE TABLE `auth_group_permissions` (`id` integer NOT NULL PRIMARY KEY AUTO_INCREMENT, `group_id` integer NOT NULL REFERENCES `auth_group` (`id`) DEFERRABLE INITIALLY DEFERRED, `permission_id` integer NOT NULL REFERENCES `auth_permission` (`id`) DEFERRABLE INITIALLY DEFERRED);
CREATE TABLE `auth_permission` (`id` integer NOT NULL PRIMARY KEY AUTO_INCREMENT, `content_type_id` integer NOT NULL REFERENCES `django_content_type` (`id`) DEFERRABLE INITIALLY DEFERRED, `codename` varchar(100) NOT NULL, `name` varchar(255) NOT NULL);
INSERT INTO `auth_permission` VALUES(1,1,'add_logentry','Can add log entry');
INSERT INTO `auth_permission` VALUES(2,1,'change_logentry','Can change log entry');
INSERT INTO `auth_permission` VALUES(3,1,'delete_logentry','Can delete log entry');
INSERT INTO `auth_permission` VALUES(4,1,'view_logentry','Can view log entry');
INSERT INTO `auth_permission` VALUES(5,2,'add_permission','Can add permission');
INSERT INTO `auth_permission` VALUES(6,2,'change_permission','Can change permission');
INSERT INTO `auth_permission` VALUES(7,2,'delete_permission','Can delete permission');
INSERT INTO `auth_permission` VALUES(8,2,'view_permission','Can view permission');
INSERT INTO `auth_permission` VALUES(9,3,'add_group','Can add group');
INSERT INTO `auth_permission` VALUES(10,3,'change_group','Can change group');
INSERT INTO `auth_permission` VALUES(11,3,'delete_group','Can delete group');
INSERT INTO `auth_permission` VALUES(12,3,'view_group','Can view group');
INSERT INTO `auth_permission` VALUES(13,4,'add_user','Can add user');
INSERT INTO `auth_permission` VALUES(14,4,'change_user','Can change user');
INSERT INTO `auth_permission` VALUES(15,4,'delete_user','Can delete user');
INSERT INTO `auth_permission` VALUES(16,4,'view_user','Can view user');
INSERT INTO `auth_permission` VALUES(17,5,'add_contenttype','Can add content type');
INSERT INTO `auth_permission` VALUES(18,5,'change_contenttype','Can change content type');
INSERT INTO `auth_permission` VALUES(19,5,'delete_contenttype','Can delete content type');
INSERT INTO `auth_permission` VALUES(20,5,'view_contenttype','Can view content type');
INSERT INTO `auth_permission` VALUES(21,6,'add_session','Can add session');
INSERT INTO `auth_permission` VALUES(22,6,'change_session','Can change session');
INSERT INTO `auth_permission` VALUES(23,6,'delete_session','Can delete session');
INSERT INTO `auth_permission` VALUES(24,6,'view_session','Can view session');
INSERT INTO `auth_permission` VALUES(25,7,'add_mesa','Can add mesa');
INSERT INTO `auth_permission` VALUES(26,7,'change_mesa','Can change mesa');
INSERT INTO `auth_permission` VALUES(27,7,'delete_mesa','Can delete mesa');
INSERT INTO `auth_permission` VALUES(28,7,'view_mesa','Can view mesa');
INSERT INTO `auth_permission` VALUES(29,8,'add_prato','Can add prato');
INSERT INTO `auth_permission` VALUES(30,8,'change_prato','Can change prato');
INSERT INTO `auth_permission` VALUES(31,8,'delete_prato','Can delete prato');
INSERT INTO `auth_permission` VALUES(32,8,'view_prato','Can view prato');
CREATE TABLE `auth_user` (`id` integer NOT NULL PRIMARY KEY AUTO_INCREMENT, `password` varchar(128) NOT NULL, `last_login` datetime NULL, `is_superuser` bool NOT NULL, `username` varchar(150) NOT NULL UNIQUE, `last_name` varchar(150) NOT NULL, `email` varchar(254) NOT NULL, `is_staff` bool NOT NULL, `is_active` bool NOT NULL, `date_joined` datetime NOT NULL, `first_name` varchar(150) NOT NULL);
INSERT INTO `auth_user` VALUES(1,'pbkdf2_sha256$1200000$JoaVrq4IKfnN7WkvXFXZ2f$+dG1ik6/u7E3iZKlonA4oXtt4UXpwBuM66AnrST3eW0=','2026-01-12 22:51:09.651092',1,'admin123','','admin123@gmail.com',1,1,'2026-01-08 02:52:10.963245','');
CREATE TABLE `auth_user_groups` (`id` integer NOT NULL PRIMARY KEY AUTO_INCREMENT, `user_id` integer NOT NULL REFERENCES `auth_user` (`id`) DEFERRABLE INITIALLY DEFERRED, `group_id` integer NOT NULL REFERENCES `auth_group` (`id`) DEFERRABLE INITIALLY DEFERRED);
CREATE TABLE `auth_user_user_permissions` (`id` integer NOT NULL PRIMARY KEY AUTO_INCREMENT, `user_id` integer NOT NULL REFERENCES `auth_user` (`id`) DEFERRABLE INITIALLY DEFERRED, `permission_id` integer NOT NULL REFERENCES `auth_permission` (`id`) DEFERRABLE INITIALLY DEFERRED);
CREATE TABLE `django_admin_log` (`id` integer NOT NULL PRIMARY KEY AUTO_INCREMENT, `object_id` text NULL, `object_repr` varchar(200) NOT NULL, `action_flag` smallint unsigned NOT NULL CHECK (`action_flag` >= 0), `change_message` text NOT NULL, `content_type_id` integer NULL REFERENCES `django_content_type` (`id`) DEFERRABLE INITIALLY DEFERRED, `user_id` integer NOT NULL REFERENCES `auth_user` (`id`) DEFERRABLE INITIALLY DEFERRED, `action_time` datetime NOT NULL);
CREATE TABLE `django_content_type` (`id` integer NOT NULL PRIMARY KEY AUTO_INCREMENT, `app_label` varchar(100) NOT NULL, `model` varchar(100) NOT NULL);
INSERT INTO `django_content_type` VALUES(1,'admin','logentry');
INSERT INTO `django_content_type` VALUES(2,'auth','permission');
INSERT INTO `django_content_type` VALUES(3,'auth','group');
INSERT INTO `django_content_type` VALUES(4,'auth','user');
INSERT INTO `django_content_type` VALUES(5,'contenttypes','contenttype');
INSERT INTO `django_content_type` VALUES(6,'sessions','session');
INSERT INTO `django_content_type` VALUES(7,'restaurant','mesa');
INSERT INTO `django_content_type` VALUES(8,'restaurant','prato');
CREATE TABLE `django_migrations` (`id` integer NOT NULL PRIMARY KEY AUTO_INCREMENT, `app` varchar(255) NOT NULL, `name` varchar(255) NOT NULL, `applied` datetime NOT NULL);
INSERT INTO `django_migrations` VALUES(1,'contenttypes','0001_initial','2026-01-08 02:43:02.477881');
INSERT INTO `django_migrations` VALUES(2,'auth','0001_initial','2026-01-08 02:43:02.507583');
INSERT INTO `django_migrations` VALUES(3,'admin','0001_initial','2026-01-08 02:43:02.535269');
INSERT INTO `django_migrations` VALUES(4,'admin','0002_logentry_remove_auto_add','2026-01-08 02:43:02.566515');
INSERT INTO `django_migrations` VALUES(5,'admin','0003_logentry_add_action_flag_choices','2026-01-08 02:43:02.590968');
INSERT INTO `django_migrations` VALUES(6,'contenttypes','0002_remove_content_type_name','2026-01-08 02:43:02.646570');
INSERT INTO `django_migrations` VALUES(7,'auth','0002_alter_permission_name_max_length','2026-01-08 02:43:02.678635');
INSERT INTO `django_migrations` VALUES(8,'auth','0003_alter_user_email_max_length','2026-01-08 02:43:02.701107');
INSERT INTO `django_migrations` VALUES(9,'auth','0004_alter_user_username_opts','2026-01-08 02:43:02.715118');
INSERT INTO `django_migrations` VALUES(10,'auth','0005_alter_user_last_login_null','2026-01-08 02:43:02.734834');
INSERT INTO `django_migrations` VALUES(11,'auth','0006_require_contenttypes_0002','2026-01-08 02:43:02.741837');
INSERT INTO `django_migrations` VALUES(12,'auth','0007_alter_validators_add_error_messages','2026-01-08 02:43:02.755469');
INSERT INTO `django_migrations` VALUES(13,'auth','0008_alter_user_username_max_length','2026-01-08 02:43:02.777644');
INSERT INTO `django_migrations` VALUES(14,'auth','0009_alter_user_last_name_max_length','2026-01-08 02:43:02.799388');
INSERT INTO `django_migrations` VALUES(15,'auth','0010_alter_group_name_max_length','2026-01-08 02:43:02.820393');
INSERT INTO `django_migrations` VALUES(16,'auth','0011_update_proxy_permissions','2026-01-08 02:43:02.835379');
INSERT INTO `django_migrations` VALUES(17,'auth','0012_alter_user_first_name_max_length','2026-01-08 02:43:02.857590');
INSERT INTO `django_migrations` VALUES(18,'restaurant','0001_initial','2026-01-08 02:43:02.868607');
INSERT INTO `django_migrations` VALUES(19,'sessions','0001_initial','2026-01-08 02:43:02.881444');
CREATE TABLE `django_session` (`session_key` varchar(40) NOT NULL PRIMARY KEY, `session_data` text NOT NULL, `expire_date` datetime NOT NULL);
INSERT INTO `django_session` VALUES('hu1ixx53ikmlqdkimvvq336acpm2w3y6','.eJxVjMsOwiAQRf-FtSEMpSO4dN9vIAMzSNWUpI-V8d-1SRe6veec-1KRtrXGbZE5jqwuCtTpd0uUHzLtgO803ZrObVrnMeld0Qdd9NBYntfD_TuotNS9LrZkfw4ERlyR5I0RRmQ2wMmBk85hV5CT6QHQfyUDwQbbI_qeglPvD_FiNz8:1vfQkf:rz8jpq3k5YVEI8SIxZlQ_jR1d8m03qwqlKcDylUzzL4','2026-01-26 22:51:09.752524');
CREATE TABLE `restaurant_mesa` (`id` integer NOT NULL PRIMARY KEY AUTO_INCREMENT, `numero` integer NOT NULL UNIQUE, `capacidade` integer NOT NULL, `status` varchar(10) NOT NULL);
INSERT INTO `restaurant_mesa` VALUES(1,1452,2,'LIVRE');
INSERT INTO `restaurant_mesa` VALUES(2,2256,5,'OCUPADA');
CREATE TABLE `restaurant_prato` (`id` integer NOT NULL PRIMARY KEY AUTO_INCREMENT, `nome` varchar(100) NOT NULL, `descricao` text NOT NULL, `preco` decimal NOT NULL, `categoria` varchar(20) NOT NULL, `imagem` varchar(100) NULL);
INSERT INTO `restaurant_prato` VALUES(1,'Risoto','Arroz',12,'PRINCIPAL','pratos/a-hyper-realistic-product-shot-advertise_gPSa6kM7Rm2aScf8YL_Ijg_mz_ku2ztQHKjTe8GJ5TP2g.jpeg');
INSERT INTO `restaurant_prato` VALUES(2,'macarrão','macarrão com molho',20,'PRINCIPAL','');
CREATE UNIQUE INDEX `auth_group_permissions_group_id_permission_id_0cd325b0_uniq` ON `auth_group_permissions` (`group_id`, `permission_id`);
CREATE INDEX `auth_group_permissions_group_id_b120cbf9` ON `auth_group_permissions` (`group_id`);
CREATE INDEX `auth_group_permissions_permission_id_84c5c92e` ON `auth_group_permissions` (`permission_id`);
CREATE UNIQUE INDEX `auth_user_groups_user_id_group_id_94350c0c_uniq` ON `auth_user_groups` (`user_id`, `group_id`);
CREATE INDEX `auth_user_groups_user_id_6a12ed8b` ON `auth_user_groups` (`user_id`);
CREATE INDEX `auth_user_groups_group_id_97559544` ON `auth_user_groups` (`group_id`);
CREATE UNIQUE INDEX `auth_user_user_permissions_user_id_permission_id_14a6b632_uniq` ON `auth_user_user_permissions` (`user_id`, `permission_id`);
CREATE INDEX `auth_user_user_permissions_user_id_a95ead1b` ON `auth_user_user_permissions` (`user_id`);
CREATE INDEX `auth_user_user_permissions_permission_id_1fbb5f2c` ON `auth_user_user_permissions` (`permission_id`);
CREATE INDEX `django_admin_log_content_type_id_c4bce8eb` ON `django_admin_log` (`content_type_id`);
CREATE INDEX `django_admin_log_user_id_c564eba6` ON `django_admin_log` (`user_id`);
CREATE UNIQUE INDEX `django_content_type_app_label_model_76bd3d3b_uniq` ON `django_content_type` (`app_label`, `model`);
CREATE UNIQUE INDEX `auth_permission_content_type_id_codename_01ab375a_uniq` ON `auth_permission` (`content_type_id`, `codename`);
CREATE INDEX `auth_permission_content_type_id_2f476e4b` ON `auth_permission` (`content_type_id`);
CREATE INDEX `django_session_expire_date_a5c62663` ON `django_session` (`expire_date`);
